{"achievement.openInventory":180,"stat.damageDealt":1855,"stat.useItem.3":94,"stat.craftItem.257":1,"achievement.exploreAllBiomes":{"value":0,"progress":["Forest","Taiga","Ocean","Beach","River","ForestHills"]},"stat.useItem.50":64,"stat.useItem.324":2,"stat.useItem.53":5,"stat.useItem.5":85,"stat.craftItem.5":2,"stat.useItem.355":1,"stat.useItem.293":20,"stat.flyOneCm":349183,"achievement.buildWorkBench":21,"achievement.buildPickaxe":3,"stat.drop":6,"stat.killEntity.Chicken":2,"stat.useItem.4":72,"stat.killEntity.Creeper":2,"stat.diveOneCm":24486,"stat.useItem.383":12,"achievement.mineWood":21,"stat.useItem.54":10,"achievement.buildBetterPickaxe":3,"stat.playOneMinute":117483,"achievement.killEnemy":5,"stat.useItem.17":17,"achievement.buildSword":2,"stat.useItem.107":13,"stat.useItem.85":236,"stat.jump":215,"stat.useItem.58":1,"stat.useItem.1":74,"stat.swimOneCm":4607,"stat.craftItem.280":2,"stat.mobKills":7,"stat.useItem.98":12,"stat.walkOneCm":163210,"stat.killEntity.Zombie":3,"stat.useItem.44":149,"stat.useItem.67":19}