{"stat.useItem.65":4,"stat.useItem.67":142,"stat.walkOneCm":256876,"stat.useItem.355":4,"stat.useItem.61":8,"stat.jump":207,"stat.swimOneCm":2893,"stat.useItem.126":48,"achievement.mineWood":2,"stat.craftItem.126":6,"achievement.exploreAllBiomes":{"value":0,"progress":["Forest","River"]},"stat.useItem.170":33,"stat.useItem.87":2,"stat.useItem.44":269,"stat.useItem.379":2,"stat.useItem.85":215,"stat.useItem.139":9,"achievement.openInventory":87,"stat.useItem.259":2,"stat.killEntity.Chicken":4,"stat.mobKills":13,"stat.useItem.53":5,"stat.useItem.97":40,"stat.useItem.98":4,"stat.useItem.54":8,"stat.useItem.383":19,"stat.flyOneCm":248264,"stat.useItem.146":3,"stat.useItem.50":34,"stat.drop":22,"stat.useItem.389":11,"stat.playOneMinute":109498,"stat.killEntity.Sheep":3,"stat.useItem.107":12,"stat.useItem.4":523,"stat.useItem.5":191,"stat.useItem.3":67,"stat.damageDealt":1674,"stat.killEntity.Cow":3,"stat.killEntity.Pig":3,"stat.useItem.58":10,"stat.diveOneCm":8497}