{"stat.useItem.139":9,"stat.useItem.146":3,"stat.killEntity.Sheep":3,"stat.useItem.3":67,"stat.useItem.65":4,"achievement.exploreAllBiomes":{"value":0,"progress":["Forest","River"]},"stat.useItem.126":48,"stat.useItem.53":5,"achievement.openInventory":96,"stat.damageDealt":1674,"stat.useItem.97":40,"stat.useItem.50":34,"stat.useItem.259":2,"stat.killEntity.Cow":3,"stat.useItem.5":191,"stat.useItem.355":4,"stat.flyOneCm":255702,"stat.useItem.87":2,"stat.useItem.379":2,"stat.drop":23,"stat.killEntity.Chicken":4,"stat.useItem.4":523,"stat.diveOneCm":8743,"stat.useItem.383":19,"achievement.mineWood":2,"stat.useItem.54":8,"stat.playOneMinute":115617,"stat.craftItem.126":6,"stat.useItem.61":8,"stat.useItem.107":12,"stat.killEntity.Pig":3,"stat.useItem.85":215,"stat.jump":214,"stat.useItem.58":10,"stat.swimOneCm":6920,"stat.useItem.389":11,"stat.mobKills":13,"stat.useItem.98":4,"stat.walkOneCm":278259,"stat.useItem.170":33,"stat.useItem.44":269,"stat.useItem.67":142}